acc,roc_auc,precision,recall,SN,SP,GM,MCC,TP,FP,TN,FN
0.8305,0.9065241562499999,0.8426645930533956,0.81275,0.81275,0.84825,0.8303102959135217,0.6614169067214318,3251.0,607.0,3393.0,749.0
