acc,roc_auc,precision,recall,SN,SP,GM,MCC,TP,FP,TN,FN
0.820375,0.9023980312500001,0.8677187948350071,0.756,0.756,0.88475,0.8178453399023559,0.6461276667618354,3024.0,461.0,3539.0,976.0
