acc,roc_auc,precision,recall,SN,SP,GM,MCC,TP,FP,TN,FN
0.846625,0.9144335937500001,0.8472326571500125,0.84575,0.84575,0.8475,0.8466245478368791,0.6932510615415007,3383.0,610.0,3390.0,617.0
