acc,roc_auc,precision,recall,SN,SP,GM,MCC,TP,FP,TN,FN
0.6944801026957638,0.7665352209227787,0.7589743589743589,0.5699614890885751,0.5699614890885751,0.8189987163029525,0.6832259713342741,0.4016134744703129,444.0,141.0,638.0,335.0
